CREATE TABLE public.CUSTOMER
(
  CUSTOMER_EMAIL character varying (500) NOT NULL,
  FIRST_NAME character varying(255),
  LAST_NAME character varying(255),
  CONSTRAINT CUSTOMER_EMAIL_PKEY PRIMARY KEY (CUSTOMER_EMAIL)
)
WITH (
  OIDS=FALSE
);
ALTER TABLE public.CUSTOMER
  OWNER TO postgres;
  
  
INSERT INTO CUSTOMER (CUSTOMER_EMAIL,FIRST_NAME,LAST_NAME) VALUES ('vasav.shah@gmail.com','Vasav','Shah');
INSERT INTO CUSTOMER (CUSTOMER_EMAIL,FIRST_NAME,LAST_NAME) VALUES ('shahruchi03@gmail.com','Ruchi','Shah');

CREATE TABLE public.SEAT_LEVELS
(
  LEVEL_ID integer NOT NULL,
  LEVEL_NAME character varying(255),
  NUM_OF_ROWS integer,
  NUM_OF_SEATS_IN_ROW integer,
  CONSTRAINT LEVEL_ID_PKEY PRIMARY KEY (LEVEL_ID)
)
WITH (
  OIDS=FALSE
);
ALTER TABLE public.SEAT_LEVELS
  OWNER TO postgres;

INSERT INTO SEAT_LEVELS (LEVEL_ID,LEVEL_NAME,NUM_OF_ROWS,NUM_OF_SEATS_IN_ROW) VALUES (1,'Orchestra',3,3);
INSERT INTO SEAT_LEVELS (LEVEL_ID,LEVEL_NAME,NUM_OF_ROWS,NUM_OF_SEATS_IN_ROW) VALUES (2,'Main',3,3);
INSERT INTO SEAT_LEVELS (LEVEL_ID,LEVEL_NAME,NUM_OF_ROWS,NUM_OF_SEATS_IN_ROW) VALUES (3,'Balcony 1',3,3);
INSERT INTO SEAT_LEVELS (LEVEL_ID,LEVEL_NAME,NUM_OF_ROWS,NUM_OF_SEATS_IN_ROW) VALUES (4,'Balcony 2',3,3);
	
CREATE TABLE public.SEATS
(
  SEAT_ID integer NOT NULL,
  SEAT_ROW character varying(2) NOT NULL,
  SEAT_NUMBER integer NOT NULL,
  CONSTRAINT SEAT_ID_PKEY PRIMARY KEY (SEAT_ID)
)
WITH (
  OIDS=FALSE
);
ALTER TABLE public.SEATS
  OWNER TO postgres;

INSERT INTO SEATS (SEAT_ID,SEAT_ROW,SEAT_NUMBER) VALUES (1,'A',1);
INSERT INTO SEATS (SEAT_ID,SEAT_ROW,SEAT_NUMBER) VALUES (2,'A',2);
INSERT INTO SEATS (SEAT_ID,SEAT_ROW,SEAT_NUMBER) VALUES (3,'A',3);
INSERT INTO SEATS (SEAT_ID,SEAT_ROW,SEAT_NUMBER) VALUES (4,'B',1);
INSERT INTO SEATS (SEAT_ID,SEAT_ROW,SEAT_NUMBER) VALUES (5,'B',2);
INSERT INTO SEATS (SEAT_ID,SEAT_ROW,SEAT_NUMBER) VALUES (6,'B',3);
INSERT INTO SEATS (SEAT_ID,SEAT_ROW,SEAT_NUMBER) VALUES (7,'C',1);
INSERT INTO SEATS (SEAT_ID,SEAT_ROW,SEAT_NUMBER) VALUES (8,'C',2);
INSERT INTO SEATS (SEAT_ID,SEAT_ROW,SEAT_NUMBER) VALUES (9,'C',3);
INSERT INTO SEATS (SEAT_ID,SEAT_ROW,SEAT_NUMBER) VALUES (10,'D',1);
INSERT INTO SEATS (SEAT_ID,SEAT_ROW,SEAT_NUMBER) VALUES (11,'D',2);
INSERT INTO SEATS (SEAT_ID,SEAT_ROW,SEAT_NUMBER) VALUES (12,'D',3);
INSERT INTO SEATS (SEAT_ID,SEAT_ROW,SEAT_NUMBER) VALUES (13,'E',1);
INSERT INTO SEATS (SEAT_ID,SEAT_ROW,SEAT_NUMBER) VALUES (14,'E',2);
INSERT INTO SEATS (SEAT_ID,SEAT_ROW,SEAT_NUMBER) VALUES (15,'E',3);
INSERT INTO SEATS (SEAT_ID,SEAT_ROW,SEAT_NUMBER) VALUES (16,'F',1);
INSERT INTO SEATS (SEAT_ID,SEAT_ROW,SEAT_NUMBER) VALUES (17,'F',2);
INSERT INTO SEATS (SEAT_ID,SEAT_ROW,SEAT_NUMBER) VALUES (18,'F',3);
INSERT INTO SEATS (SEAT_ID,SEAT_ROW,SEAT_NUMBER) VALUES (19,'G',1);
INSERT INTO SEATS (SEAT_ID,SEAT_ROW,SEAT_NUMBER) VALUES (20,'G',2);
INSERT INTO SEATS (SEAT_ID,SEAT_ROW,SEAT_NUMBER) VALUES (21,'G',3);
INSERT INTO SEATS (SEAT_ID,SEAT_ROW,SEAT_NUMBER) VALUES (22,'H',1);
INSERT INTO SEATS (SEAT_ID,SEAT_ROW,SEAT_NUMBER) VALUES (23,'H',2);
INSERT INTO SEATS (SEAT_ID,SEAT_ROW,SEAT_NUMBER) VALUES (24,'H',3);
INSERT INTO SEATS (SEAT_ID,SEAT_ROW,SEAT_NUMBER) VALUES (25,'I',1);
INSERT INTO SEATS (SEAT_ID,SEAT_ROW,SEAT_NUMBER) VALUES (26,'I',2);
INSERT INTO SEATS (SEAT_ID,SEAT_ROW,SEAT_NUMBER) VALUES (27,'I',3);
INSERT INTO SEATS (SEAT_ID,SEAT_ROW,SEAT_NUMBER) VALUES (28,'J',1);
INSERT INTO SEATS (SEAT_ID,SEAT_ROW,SEAT_NUMBER) VALUES (29,'J',2);
INSERT INTO SEATS (SEAT_ID,SEAT_ROW,SEAT_NUMBER) VALUES (30,'J',3);
INSERT INTO SEATS (SEAT_ID,SEAT_ROW,SEAT_NUMBER) VALUES (31,'K',1);
INSERT INTO SEATS (SEAT_ID,SEAT_ROW,SEAT_NUMBER) VALUES (32,'K',2);
INSERT INTO SEATS (SEAT_ID,SEAT_ROW,SEAT_NUMBER) VALUES (33,'K',3);
INSERT INTO SEATS (SEAT_ID,SEAT_ROW,SEAT_NUMBER) VALUES (34,'L',1);
INSERT INTO SEATS (SEAT_ID,SEAT_ROW,SEAT_NUMBER) VALUES (35,'L',2);
INSERT INTO SEATS (SEAT_ID,SEAT_ROW,SEAT_NUMBER) VALUES (36,'L',3);


CREATE TABLE public.SEAT_REL_LEVEL
(
  LEVEL_ID integer NOT NULL,
  SEAT_ID integer NOT NULL,
  CONSTRAINT FK_LEVEL_ID FOREIGN KEY (LEVEL_ID)
      REFERENCES public.SEAT_LEVELS (LEVEL_ID) MATCH SIMPLE
      ON UPDATE NO ACTION ON DELETE NO ACTION,
  CONSTRAINT FK_SEAT_ID FOREIGN KEY (SEAT_ID)
      REFERENCES public.SEATS (SEAT_ID) MATCH SIMPLE
      ON UPDATE NO ACTION ON DELETE NO ACTION
)
WITH (
  OIDS=FALSE
);
ALTER TABLE public.SEAT_REL_LEVEL
  OWNER TO postgres;
  
INSERT INTO SEAT_REL_LEVEL (LEVEL_ID,SEAT_ID) VALUES (1,1);
INSERT INTO SEAT_REL_LEVEL (LEVEL_ID,SEAT_ID) VALUES (1,2);
INSERT INTO SEAT_REL_LEVEL (LEVEL_ID,SEAT_ID) VALUES (1,3);
INSERT INTO SEAT_REL_LEVEL (LEVEL_ID,SEAT_ID) VALUES (1,4);
INSERT INTO SEAT_REL_LEVEL (LEVEL_ID,SEAT_ID) VALUES (1,5);
INSERT INTO SEAT_REL_LEVEL (LEVEL_ID,SEAT_ID) VALUES (1,6);
INSERT INTO SEAT_REL_LEVEL (LEVEL_ID,SEAT_ID) VALUES (1,7);
INSERT INTO SEAT_REL_LEVEL (LEVEL_ID,SEAT_ID) VALUES (1,8);
INSERT INTO SEAT_REL_LEVEL (LEVEL_ID,SEAT_ID) VALUES (1,9);
INSERT INTO SEAT_REL_LEVEL (LEVEL_ID,SEAT_ID) VALUES (2,10);
INSERT INTO SEAT_REL_LEVEL (LEVEL_ID,SEAT_ID) VALUES (2,11);
INSERT INTO SEAT_REL_LEVEL (LEVEL_ID,SEAT_ID) VALUES (2,12);
INSERT INTO SEAT_REL_LEVEL (LEVEL_ID,SEAT_ID) VALUES (2,13);
INSERT INTO SEAT_REL_LEVEL (LEVEL_ID,SEAT_ID) VALUES (2,14);
INSERT INTO SEAT_REL_LEVEL (LEVEL_ID,SEAT_ID) VALUES (2,15);
INSERT INTO SEAT_REL_LEVEL (LEVEL_ID,SEAT_ID) VALUES (2,16);
INSERT INTO SEAT_REL_LEVEL (LEVEL_ID,SEAT_ID) VALUES (2,17);
INSERT INTO SEAT_REL_LEVEL (LEVEL_ID,SEAT_ID) VALUES (2,18);
INSERT INTO SEAT_REL_LEVEL (LEVEL_ID,SEAT_ID) VALUES (3,19);
INSERT INTO SEAT_REL_LEVEL (LEVEL_ID,SEAT_ID) VALUES (3,20);
INSERT INTO SEAT_REL_LEVEL (LEVEL_ID,SEAT_ID) VALUES (3,21);
INSERT INTO SEAT_REL_LEVEL (LEVEL_ID,SEAT_ID) VALUES (3,22);
INSERT INTO SEAT_REL_LEVEL (LEVEL_ID,SEAT_ID) VALUES (3,23);
INSERT INTO SEAT_REL_LEVEL (LEVEL_ID,SEAT_ID) VALUES (3,24);
INSERT INTO SEAT_REL_LEVEL (LEVEL_ID,SEAT_ID) VALUES (3,25);
INSERT INTO SEAT_REL_LEVEL (LEVEL_ID,SEAT_ID) VALUES (3,26);
INSERT INTO SEAT_REL_LEVEL (LEVEL_ID,SEAT_ID) VALUES (3,27);
INSERT INTO SEAT_REL_LEVEL (LEVEL_ID,SEAT_ID) VALUES (4,28);
INSERT INTO SEAT_REL_LEVEL (LEVEL_ID,SEAT_ID) VALUES (4,29);
INSERT INTO SEAT_REL_LEVEL (LEVEL_ID,SEAT_ID) VALUES (4,30);
INSERT INTO SEAT_REL_LEVEL (LEVEL_ID,SEAT_ID) VALUES (4,31);
INSERT INTO SEAT_REL_LEVEL (LEVEL_ID,SEAT_ID) VALUES (4,32);
INSERT INTO SEAT_REL_LEVEL (LEVEL_ID,SEAT_ID) VALUES (4,33);
INSERT INTO SEAT_REL_LEVEL (LEVEL_ID,SEAT_ID) VALUES (4,34);
INSERT INTO SEAT_REL_LEVEL (LEVEL_ID,SEAT_ID) VALUES (4,35);
INSERT INTO SEAT_REL_LEVEL (LEVEL_ID,SEAT_ID) VALUES (4,36);


CREATE TABLE public.SEAT_RESERVATION
(
  RESERVATION_ID integer NOT NULL,
  RESERVATION_TIME timestamp without time zone NOT NULL,
  HOLD_IND boolean
  CONSTRAINT RESERVATION_ID_PKEY PRIMARY KEY (RESERVATION_ID)
)
WITH (
  OIDS=FALSE
);
ALTER TABLE public.SEAT_RESERVATION
  OWNER TO postgres;

  
INSERT INTO SEAT_RESERVATION (RESERVATION_ID,RESERVATION_TIME,HOLD_IND) VALUES (1,CURRENT_TIMESTAMP,'N');
INSERT INTO SEAT_RESERVATION (RESERVATION_ID,RESERVATION_TIME,HOLD_IND) VALUES (2,CURRENT_TIMESTAMP,'Y');
INSERT INTO SEAT_RESERVATION (RESERVATION_ID,RESERVATION_TIME,HOLD_IND) VALUES (3,CURRENT_TIMESTAMP,'Y');
INSERT INTO SEAT_RESERVATION (RESERVATION_ID,RESERVATION_TIME,HOLD_IND) VALUES (4,CURRENT_TIMESTAMP,'N');
INSERT INTO SEAT_RESERVATION (RESERVATION_ID,RESERVATION_TIME,HOLD_IND) VALUES (5,CURRENT_TIMESTAMP,'Y');
INSERT INTO SEAT_RESERVATION (RESERVATION_ID,RESERVATION_TIME,HOLD_IND) VALUES (6,CURRENT_TIMESTAMP,'N');
INSERT INTO SEAT_RESERVATION (RESERVATION_ID,RESERVATION_TIME,HOLD_IND) VALUES (7,CURRENT_TIMESTAMP,'Y');
INSERT INTO SEAT_RESERVATION (RESERVATION_ID,RESERVATION_TIME,HOLD_IND) VALUES (8,CURRENT_TIMESTAMP,'N');
INSERT INTO SEAT_RESERVATION (RESERVATION_ID,RESERVATION_TIME,HOLD_IND) VALUES (9,CURRENT_TIMESTAMP,'N');

  
  
CREATE TABLE public.CUSTOMER_RESERVATIONS
(
  CUSTOMER_EMAIL character varying(255) NOT NULL,
  SEAT_ID integer NOT NULL,
  RESERVATION_ID integer NOT NULL,
  CONSTRAINT FK_SEAT_ID FOREIGN KEY (SEAT_ID)
      REFERENCES public.SEATS (SEAT_ID) MATCH SIMPLE
      ON UPDATE NO ACTION ON DELETE NO ACTION,
  CONSTRAINT FK_RESERVATION_ID FOREIGN KEY (RESERVATION_ID)
      REFERENCES public.SEAT_RESERVATION (RESERVATION_ID) MATCH SIMPLE
      ON UPDATE NO ACTION ON DELETE NO ACTION
)
WITH (
  OIDS=FALSE
);
ALTER TABLE public.CUSTOMER_RESERVATIONS
  OWNER TO postgres;
  
INSERT INTO CUSTOMER_RESERVATIONS (CUSTOMER_EMAIL,SEAT_ID,RESERVATION_ID) VALUES ('vasav.shah@gmail.com',1,1);
INSERT INTO CUSTOMER_RESERVATIONS (CUSTOMER_EMAIL,SEAT_ID,RESERVATION_ID) VALUES ('vasav.shah@gmail.com',3,2);
INSERT INTO CUSTOMER_RESERVATIONS (CUSTOMER_EMAIL,SEAT_ID,RESERVATION_ID) VALUES ('vasav.shah@gmail.com',11,3);
INSERT INTO CUSTOMER_RESERVATIONS (CUSTOMER_EMAIL,SEAT_ID,RESERVATION_ID) VALUES ('vasav.shah@gmail.com',15,4);
INSERT INTO CUSTOMER_RESERVATIONS (CUSTOMER_EMAIL,SEAT_ID,RESERVATION_ID) VALUES ('vasav.shah@gmail.com',23,5);
INSERT INTO CUSTOMER_RESERVATIONS (CUSTOMER_EMAIL,SEAT_ID,RESERVATION_ID) VALUES ('vasav.shah@gmail.com',25,6);
INSERT INTO CUSTOMER_RESERVATIONS (CUSTOMER_EMAIL,SEAT_ID,RESERVATION_ID) VALUES ('vasav.shah@gmail.com',31,7);
INSERT INTO CUSTOMER_RESERVATIONS (CUSTOMER_EMAIL,SEAT_ID,RESERVATION_ID) VALUES ('vasav.shah@gmail.com',33,8);
INSERT INTO CUSTOMER_RESERVATIONS (CUSTOMER_EMAIL,SEAT_ID,RESERVATION_ID) VALUES ('vasav.shah@gmail.com',2,9);